"Model","Accuracy","Kappa"
"Random Forest",0.668639053254438,0.463195360247302
"SVM",0.653846153846154,0.447434607645875
