"Actual_Quality","RF_Accuracy","SVM_Accuracy","Count"
"5",0,0,1
"6",0,0,9
"4",0.743055555555556,0.729166666666667,144
"7",0.681159420289855,0.63768115942029,138
"8",0.571428571428571,0.666666666666667,42
"3",0.25,0,4
